{"cameraMode":{"drawMode":0,"name":"Shaded","section":"Shading Mode"},"sceneLighting":false,"audioPlay":false,"sceneViewState":{"m_AlwaysRefresh":false,"showFog":true,"showSkybox":true,"showFlares":true,"showImageEffects":true,"showParticleSystems":true,"showVisualEffectGraphs":true,"m_FxEnabled":true},"in2DMode":false,"pivot":{"x":-15.784688949584961,"y":1.2713303565979005,"z":86.82656860351563},"rotation":{"x":-0.014735260978341103,"y":-0.9598128199577332,"z":0.2758898437023163,"w":-0.0510389618575573},"size":19.421175003051759,"orthographic":false}